G,Date,Start (ET),Unnamed: 3,Unnamed: 4,Unnamed: 5,Opponent,Unnamed: 7,Unnamed: 8,Tm,Opp,W,L,Streak,Attend.,LOG,Notes,G_x_Unnamed: 3,G_x_Tm,G_x_Opp,G_x_W,Unnamed: 3_x_Tm,Unnamed: 3_x_Opp,Unnamed: 3_x_W,Tm_x_Opp,Tm_x_W
1,Wed Oct 25 2023,8:00p,,Box Score,,Oklahoma City Thunder,L,,104,124,0,1,L 1,21369,2:05,,,104,124,0,,,,12896,0
2,Fri Oct 27 2023,8:00p,,Box Score,,Toronto Raptors,W,OT,104,103,1,1,W 1,19555,2:45,,,208,206,2,,,,10712,104
3,Sat Oct 28 2023,7:00p,,Box Score,@,Detroit Pistons,L,,102,118,1,2,L 1,20062,2:10,,,306,354,3,,,,12036,102
4,Mon Oct 30 2023,7:00p,,Box Score,@,Indiana Pacers,W,,112,105,2,2,W 1,15021,2:26,,,448,420,8,,,,11760,224
5,Wed Nov 1 2023,8:30p,,Box Score,@,Dallas Mavericks,L,,105,114,2,3,L 1,20103,2:07,,,525,570,10,,,,11970,210
6,Fri Nov 3 2023,8:00p,,Box Score,,Brooklyn Nets,L,,107,109,2,4,L 2,20645,2:03,In-Season Tournament,,642,654,12,,,,11663,214
7,Sat Nov 4 2023,9:00p,,Box Score,@,Denver Nuggets,L,,101,123,2,5,L 3,19610,2:08,,,707,861,14,,,,12423,202
8,Mon Nov 6 2023,8:00p,,Box Score,,Utah Jazz,W,,130,113,3,5,W 1,18031,2:06,,,1040,904,24,,,,14690,390
9,Wed Nov 8 2023,8:00p,,Box Score,,Phoenix Suns,L,OT,115,116,3,6,L 1,18220,2:36,,,1035,1044,27,,,,13340,345
10,Sun Nov 12 2023,7:00p,,Box Score,,Detroit Pistons,W,,119,108,4,6,W 1,19088,2:12,,,1190,1080,40,,,,12852,476
11,Mon Nov 13 2023,8:00p,,Box Score,@,Milwaukee Bucks,L,,109,118,4,7,L 1,17865,2:16,,,1199,1298,44,,,,12862,436
12,Wed Nov 15 2023,8:00p,,Box Score,,Orlando Magic,L,,94,96,4,8,L 2,19092,2:20,,,1128,1152,48,,,,9024,376
13,Fri Nov 17 2023,8:00p,,Box Score,,Orlando Magic,L,,97,103,4,9,L 3,20235,2:17,In-Season Tournament,,1261,1339,52,,,,9991,388
14,Sat Nov 18 2023,8:00p,,Box Score,,Miami Heat,W,,102,97,5,9,W 1,18063,2:18,,,1428,1358,70,,,,9894,510
15,Mon Nov 20 2023,8:00p,,Box Score,,Miami Heat,L,,100,118,5,10,L 1,19258,2:09,,,1500,1770,75,,,,11800,500
16,Wed Nov 22 2023,8:00p,,Box Score,@,Oklahoma City Thunder,L,,102,116,5,11,L 2,18203,2:14,,,1632,1856,80,,,,11832,510
17,Fri Nov 24 2023,7:30p,,Box Score,@,Toronto Raptors,L,,108,121,5,12,L 3,19800,2:12,In-Season Tournament,,1836,2057,85,,,,13068,540
18,Sun Nov 26 2023,7:30p,,Box Score,@,Brooklyn Nets,L,,109,118,5,13,L 4,16687,2:03,,,1962,2124,90,,,,12862,545
19,Tue Nov 28 2023,7:30p,,Box Score,@,Boston Celtics,L,,97,124,5,14,L 5,19156,2:01,In-Season Tournament,,1843,2356,95,,,,12028,485
20,Thu Nov 30 2023,8:00p,,Box Score,,Milwaukee Bucks,W,OT,120,113,6,14,W 1,19838,2:36,,,2400,2260,120,,,,13560,720
21,Sat Dec 2 2023,8:00p,,Box Score,,New Orleans Pelicans,W,,124,118,7,14,W 2,20511,2:15,,,2604,2478,147,,,,14632,868
22,Wed Dec 6 2023,8:00p,,Box Score,,Charlotte Hornets,W,,111,100,8,14,W 3,17689,2:17,,,2442,2200,176,,,,11100,888
23,Fri Dec 8 2023,8:30p,,Box Score,@,San Antonio Spurs,W,,121,112,9,14,W 4,18074,2:12,,,2783,2576,207,,,,13552,1089
24,Mon Dec 11 2023,8:00p,,Box Score,@,Milwaukee Bucks,L,OT,129,133,9,15,L 1,17440,2:41,,,3096,3192,216,,,,17157,1161
25,Tue Dec 12 2023,8:00p,,Box Score,,Denver Nuggets,L,,106,114,9,16,L 2,20775,2:20,,,2650,2850,225,,,,12084,954
26,Thu Dec 14 2023,7:30p,,Box Score,@,Miami Heat,W,,124,116,10,16,W 1,19653,2:19,,,3224,3016,260,,,,14384,1240
27,Sat Dec 16 2023,8:00p,,Box Score,@,Miami Heat,L,,116,118,10,17,L 1,19815,2:09,,,3132,3186,270,,,,13688,1160
28,Mon Dec 18 2023,7:00p,,Box Score,@,Philadelphia 76ers,W,,108,104,11,17,W 1,19773,2:09,,,3024,2912,308,,,,11232,1188
29,Wed Dec 20 2023,8:00p,,Box Score,,Los Angeles Lakers,W,,124,108,12,17,W 2,21234,2:00,,,3596,3132,348,,,,13392,1488
30,Thu Dec 21 2023,8:00p,,Box Score,,San Antonio Spurs,W,,114,95,13,17,W 3,20697,2:02,,,3420,2850,390,,,,10830,1482
31,Sat Dec 23 2023,8:00p,,Box Score,,Cleveland Cavaliers,L,,95,109,13,18,L 1,19583,2:07,,,2945,3379,403,,,,10355,1235
32,Tue Dec 26 2023,8:00p,,Box Score,,Atlanta Hawks,W,,118,113,14,18,W 1,21420,2:18,,,3776,3616,448,,,,13334,1652
33,Thu Dec 28 2023,8:00p,,Box Score,,Indiana Pacers,L,,104,120,14,19,L 1,21568,2:13,,,3432,3960,462,,,,12480,1456
34,Sat Dec 30 2023,8:00p,,Box Score,,Philadelphia 76ers,W,,105,92,15,19,W 1,21648,2:10,,,3570,3128,510,,,,9660,1575
35,Tue Jan 2 2024,7:00p,,Box Score,@,Philadelphia 76ers,L,,97,110,15,20,L 1,19772,2:17,,,3395,3850,525,,,,10670,1455
36,Wed Jan 3 2024,8:30p,,Box Score,@,New York Knicks,L,,100,116,15,21,L 2,19812,2:13,,,3600,4176,540,,,,11600,1500
37,Fri Jan 5 2024,8:00p,,Box Score,,Charlotte Hornets,W,,104,91,16,21,W 1,21345,2:06,,,3848,3367,592,,,,9464,1664
38,Mon Jan 8 2024,7:00p,,Box Score,@,Charlotte Hornets,W,OT,119,112,17,21,W 2,14418,2:18,,,4522,4256,646,,,,13328,2023
39,Wed Jan 10 2024,8:00p,,Box Score,,Houston Rockets,W,OT,124,119,18,21,W 3,21149,2:36,,,4836,4641,702,,,,14756,2232
40,Fri Jan 12 2024,8:00p,,Box Score,,Golden State Warriors,L,,131,140,18,22,L 1,21153,2:19,,,5240,5600,720,,,,18340,2358
41,Sat Jan 13 2024,8:30p,,Box Score,@,San Antonio Spurs,W,,122,116,19,22,W 1,18354,2:08,,,5002,4756,779,,,,14152,2318
42,Mon Jan 15 2024,7:00p,,Box Score,@,Cleveland Cavaliers,L,,91,109,19,23,L 1,19432,2:10,,,3822,4578,798,,,,9919,1729
43,Thu Jan 18 2024,7:30p,,Box Score,@,Toronto Raptors,W,,116,110,20,23,W 1,19312,2:13,,,4988,4730,860,,,,12760,2320
44,Sat Jan 20 2024,8:00p,,Box Score,,Memphis Grizzlies,W,,125,96,21,23,W 2,21441,2:07,,,5500,4224,924,,,,12000,2625
45,Mon Jan 22 2024,9:00p,,Box Score,@,Phoenix Suns,L,,113,115,21,24,L 1,17071,2:11,,,5085,5175,945,,,,12995,2373
46,Thu Jan 25 2024,10:30p,,Box Score,@,Los Angeles Lakers,L,,132,141,21,25,L 2,18997,2:15,,,6072,6486,966,,,,18612,2772
47,Sun Jan 28 2024,9:00p,,Box Score,@,Portland Trail Blazers,W,,104,96,22,25,W 1,17899,2:11,,,4888,4512,1034,,,,9984,2288
48,Tue Jan 30 2024,8:00p,,Box Score,,Toronto Raptors,L,,107,118,22,26,L 1,21259,2:16,,,5136,5664,1056,,,,12626,2354
49,Wed Jan 31 2024,7:00p,,Box Score,@,Charlotte Hornets,W,,117,110,23,26,W 1,13712,2:09,,,5733,5390,1127,,,,12870,2691
50,Sat Feb 3 2024,8:00p,,Box Score,,Sacramento Kings,L,,115,123,23,27,L 1,21579,2:14,,,5750,6150,1150,,,,14145,2645
51,Tue Feb 6 2024,8:00p,,Box Score,,Minnesota Timberwolves,W,OT,129,123,24,27,W 1,20949,2:40,,,6579,6273,1224,,,,15867,3096
52,Thu Feb 8 2024,8:00p,,Box Score,@,Memphis Grizzlies,W,,118,110,25,27,W 2,16285,2:13,,,6136,5720,1300,,,,12980,2950
53,Sat Feb 10 2024,7:00p,,Box Score,@,Orlando Magic,L,OT,108,114,25,28,L 1,19459,2:21,,,5724,6042,1325,,,,12312,2700
54,Mon Feb 12 2024,7:30p,,Box Score,@,Atlanta Hawks,W,,136,126,26,28,W 1,16524,2:15,,,7344,6804,1404,,,,17136,3536
55,Wed Feb 14 2024,7:30p,,Box Score,@,Cleveland Cavaliers,L,,105,108,26,29,L 1,19432,2:20,,,5775,5940,1430,,,,11340,2730
56,Thu Feb 22 2024,8:00p,,Box Score,,Boston Celtics,L,,112,129,26,30,L 2,20313,2:03,,,6272,7224,1456,,,,14448,2912
57,Sun Feb 25 2024,7:00p,,Box Score,@,New Orleans Pelicans,W,,114,106,27,30,W 1,18684,2:05,,,6498,6042,1539,,,,12084,3078
58,Tue Feb 27 2024,8:00p,,Box Score,,Detroit Pistons,L,,95,105,27,31,L 1,21089,2:05,,,5510,6090,1566,,,,9975,2565
59,Wed Feb 28 2024,8:00p,,Box Score,,Cleveland Cavaliers,W,2OT,132,123,28,31,W 1,21700,2:43,,,7788,7257,1652,,,,16236,3696
60,Fri Mar 1 2024,10:00p,,Box Score,,Milwaukee Bucks,L,,97,113,28,32,L 1,21249,2:24,,,5820,6780,1680,,,,10961,2716
61,Mon Mar 4 2024,10:00p,,Box Score,@,Sacramento Kings,W,,113,109,29,32,W 1,17832,2:19,,,6893,6649,1769,,,,12317,3277
62,Wed Mar 6 2024,9:00p,,Box Score,@,Utah Jazz,W,,119,117,30,32,W 2,18206,2:13,,,7378,7254,1860,,,,13923,3570
63,Thu Mar 7 2024,10:00p,,Box Score,@,Golden State Warriors,W,,125,122,31,32,W 3,18064,2:17,,,7875,7686,1953,,,,15250,3875
64,Sat Mar 9 2024,4:00p,,Box Score,@,Los Angeles Clippers,L,,102,112,31,33,L 1,19370,2:11,,,6528,7168,1984,,,,11424,3162
65,Mon Mar 11 2024,8:00p,,Box Score,,Dallas Mavericks,L,,92,127,31,34,L 2,21363,1:58,,,5980,8255,2015,,,,11684,2852
66,Wed Mar 13 2024,7:30p,,Box Score,@,Indiana Pacers,W,OT,132,129,32,34,W 1,17274,2:44,,,8712,8514,2112,,,,17028,4224
67,Thu Mar 14 2024,8:00p,,Box Score,,Los Angeles Clippers,L,,111,126,32,35,L 1,21219,2:00,,,7437,8442,2144,,,,13986,3552
68,Sat Mar 16 2024,8:00p,,Box Score,,Washington Wizards,W,,127,98,33,35,W 1,21697,2:17,,,8636,6664,2244,,,,12446,4191
69,Mon Mar 18 2024,8:00p,,Box Score,,Portland Trail Blazers,W,,110,107,34,35,W 2,20293,2:19,,,7590,7383,2346,,,,11770,3740
70,Thu Mar 21 2024,8:00p,,Box Score,@,Houston Rockets,L,,117,127,34,36,L 1,17016,2:19,,,8190,8890,2380,,,,14859,3978
71,Sat Mar 23 2024,8:00p,,Box Score,,Boston Celtics,L,,113,124,34,37,L 2,21198,2:00,,,8023,8804,2414,,,,14012,3842
72,Mon Mar 25 2024,8:00p,,Box Score,,Washington Wizards,L,,105,107,34,38,L 3,21726,2:19,,,7560,7704,2448,,,,11235,3570
73,Wed Mar 27 2024,8:00p,,Box Score,,Indiana Pacers,W,,125,99,35,38,W 1,22018,2:12,,,9125,7227,2555,,,,12375,4375
74,Fri Mar 29 2024,7:30p,,Box Score,@,Brooklyn Nets,L,,108,125,35,39,L 1,17894,2:13,,,7992,9250,2590,,,,13500,3780
75,Sun Mar 31 2024,7:00p,,Box Score,@,Minnesota Timberwolves,W,,109,101,36,39,W 1,18024,2:07,,,8175,7575,2700,,,,11009,3924
76,Mon Apr 1 2024,8:00p,,Box Score,,Atlanta Hawks,L,,101,113,36,40,L 1,21114,2:07,,,7676,8588,2736,,,,11413,3636
77,Fri Apr 5 2024,8:00p,,Box Score,,New York Knicks,W,,108,100,37,40,W 1,21599,2:17,,,8316,7700,2849,,,,10800,3996
78,Sun Apr 7 2024,6:00p,,Box Score,@,Orlando Magic,L,,98,113,37,41,L 1,19276,2:11,,,7644,8814,2886,,,,11074,3626
79,Tue Apr 9 2024,8:00p,,Box Score,,New York Knicks,L,,117,128,37,42,L 2,21648,2:12,,,9243,10112,2923,,,,14976,4329
80,Thu Apr 11 2024,7:00p,,Box Score,@,Detroit Pistons,W,,127,105,38,42,W 1,20013,2:03,,,10160,8400,3040,,,,13335,4826
81,Fri Apr 12 2024,7:00p,,Box Score,@,Washington Wizards,W,,129,127,39,42,W 2,20333,2:20,,,10449,10287,3159,,,,16383,5031
82,Sun Apr 14 2024,1:00p,,Box Score,@,New York Knicks,L,OT,119,120,39,43,L 1,19812,2:35,,,9758,9840,3198,,,,14280,4641
83,Wed Apr 17 2024,9:30p,,Box Score,,Atlanta Hawks,W,,131,116,40,43,W 1,21627,2:16,Play-In Game,,10873,9628,3320,,,,15196,5240
84,Fri Apr 19 2024,7:00p,,Box Score,@,Miami Heat,L,,91,112,40,44,L 1,19600,2:09,Play-In Game,,7644,9408,3360,,,,10192,3640
