G,Date,Start (ET),Unnamed: 3,Unnamed: 4,Unnamed: 5,Opponent,Unnamed: 7,Unnamed: 8,Tm,Opp,W,L,Streak,Attend.,LOG,Notes,G_x_Unnamed: 3,G_x_Tm,G_x_Opp,G_x_W,Unnamed: 3_x_Tm,Unnamed: 3_x_Opp,Unnamed: 3_x_W,Tm_x_Opp,Tm_x_W
1,Wed Oct 25 2023,7:00p,,Box Score,@,New York Knicks,W,,108,104,1,0,W 1,19812,2:39,,,108,104,1,,,,11232,108
2,Fri Oct 27 2023,7:30p,,Box Score,,Miami Heat,W,,119,111,2,0,W 2,19156,2:20,,,238,222,4,,,,13209,238
3,Mon Oct 30 2023,7:00p,,Box Score,@,Washington Wizards,W,,126,107,3,0,W 3,17898,2:06,,,378,321,9,,,,13482,378
4,Wed Nov 1 2023,7:30p,,Box Score,,Indiana Pacers,W,,155,104,4,0,W 4,19156,2:03,,,620,416,16,,,,16120,620
5,Sat Nov 4 2023,8:00p,,Box Score,@,Brooklyn Nets,W,,124,114,5,0,W 5,17983,2:10,,,620,570,25,,,,14136,620
6,Mon Nov 6 2023,8:00p,,Box Score,@,Minnesota Timberwolves,L,OT,109,114,5,1,L 1,18024,2:40,,,654,684,30,,,,12426,545
7,Wed Nov 8 2023,7:00p,,Box Score,@,Philadelphia 76ers,L,,103,106,5,2,L 2,19953,2:11,,,721,742,35,,,,10918,515
8,Fri Nov 10 2023,7:30p,,Box Score,,Brooklyn Nets,W,,121,107,6,2,W 1,19156,2:11,In-Season Tournament,,968,856,48,,,,12947,726
9,Sat Nov 11 2023,7:00p,,Box Score,,Toronto Raptors,W,,117,94,7,2,W 2,19156,2:04,,,1053,846,63,,,,10998,819
10,Mon Nov 13 2023,7:30p,,Box Score,,New York Knicks,W,,114,98,8,2,W 3,19156,2:11,,,1140,980,80,,,,11172,912
11,Wed Nov 15 2023,7:30p,,Box Score,@,Philadelphia 76ers,W,,117,107,9,2,W 4,19773,2:10,,,1287,1177,99,,,,12519,1053
12,Fri Nov 17 2023,7:30p,,Box Score,@,Toronto Raptors,W,,108,105,10,2,W 5,19800,2:02,In-Season Tournament,,1296,1260,120,,,,11340,1080
13,Sun Nov 19 2023,8:00p,,Box Score,@,Memphis Grizzlies,W,,102,100,11,2,W 6,17798,2:08,,,1326,1300,143,,,,10200,1122
14,Mon Nov 20 2023,7:00p,,Box Score,@,Charlotte Hornets,L,OT,118,121,11,3,L 1,19134,2:19,,,1652,1694,154,,,,14278,1298
15,Wed Nov 22 2023,7:30p,,Box Score,,Milwaukee Bucks,W,,119,116,12,3,W 1,19156,2:13,,,1785,1740,180,,,,13804,1428
16,Fri Nov 24 2023,2:30p,,Box Score,@,Orlando Magic,L,,96,113,12,4,L 1,18846,2:17,In-Season Tournament,,1536,1808,192,,,,10848,1152
17,Sun Nov 26 2023,6:00p,,Box Score,,Atlanta Hawks,W,,113,103,13,4,W 1,19156,2:08,,,1921,1751,221,,,,11639,1469
18,Tue Nov 28 2023,7:30p,,Box Score,,Chicago Bulls,W,,124,97,14,4,W 2,19156,2:01,In-Season Tournament,,2232,1746,252,,,,12028,1736
19,Fri Dec 1 2023,7:30p,,Box Score,,Philadelphia 76ers,W,,125,119,15,4,W 3,19156,2:25,,,2375,2261,285,,,,14875,1875
20,Mon Dec 4 2023,7:30p,,Box Score,@,Indiana Pacers,L,,112,122,15,5,L 1,16693,2:14,In-Season Tournament,,2240,2440,300,,,,13664,1680
21,Fri Dec 8 2023,7:30p,,Box Score,,New York Knicks,W,,133,123,16,5,W 1,19156,2:16,,,2793,2583,336,,,,16359,2128
22,Tue Dec 12 2023,7:30p,,Box Score,,Cleveland Cavaliers,W,,120,113,17,5,W 2,19156,2:02,,,2640,2486,374,,,,13560,2040
23,Thu Dec 14 2023,7:30p,,Box Score,,Cleveland Cavaliers,W,,116,107,18,5,W 3,19156,2:07,,,2668,2461,414,,,,12412,2088
24,Fri Dec 15 2023,7:30p,,Box Score,,Orlando Magic,W,,128,111,19,5,W 4,19156,2:06,,,3072,2664,456,,,,14208,2432
25,Sun Dec 17 2023,3:00p,,Box Score,,Orlando Magic,W,,114,97,20,5,W 5,19156,2:10,,,2850,2425,500,,,,11058,2280
26,Tue Dec 19 2023,10:00p,,Box Score,@,Golden State Warriors,L,OT,126,132,20,6,L 1,18064,2:25,,,3276,3432,520,,,,16632,2520
27,Wed Dec 20 2023,10:00p,,Box Score,@,Sacramento Kings,W,,144,119,21,6,W 1,17874,2:11,,,3888,3213,567,,,,17136,3024
28,Sat Dec 23 2023,3:30p,,Box Score,@,Los Angeles Clippers,W,,145,108,22,6,W 2,19370,2:09,,,4060,3024,616,,,,15660,3190
29,Mon Dec 25 2023,5:00p,,Box Score,@,Los Angeles Lakers,W,,126,115,23,6,W 3,18997,2:17,,,3654,3335,667,,,,14490,2898
30,Thu Dec 28 2023,7:30p,,Box Score,,Detroit Pistons,W,OT,128,122,24,6,W 4,19156,2:31,,,3840,3660,720,,,,15616,3072
31,Fri Dec 29 2023,7:30p,,Box Score,,Toronto Raptors,W,,120,118,25,6,W 5,19156,2:14,,,3720,3658,775,,,,14160,3000
32,Sun Dec 31 2023,7:00p,,Box Score,@,San Antonio Spurs,W,,134,101,26,6,W 6,18886,1:57,,,4288,3232,832,,,,13534,3484
33,Tue Jan 2 2024,8:00p,,Box Score,@,Oklahoma City Thunder,L,,123,127,26,7,L 1,18203,2:16,,,4059,4191,858,,,,15621,3198
34,Fri Jan 5 2024,7:00p,,Box Score,,Utah Jazz,W,,126,97,27,7,W 1,19156,2:10,,,4284,3298,918,,,,12222,3402
35,Sat Jan 6 2024,7:00p,,Box Score,@,Indiana Pacers,W,,118,101,28,7,W 2,17274,2:11,,,4130,3535,980,,,,11918,3304
36,Mon Jan 8 2024,7:00p,,Box Score,@,Indiana Pacers,L,,131,133,28,8,L 1,16009,2:24,,,4716,4788,1008,,,,17423,3668
37,Wed Jan 10 2024,7:00p,,Box Score,,Minnesota Timberwolves,W,OT,127,120,29,8,W 1,19156,2:37,,,4699,4440,1073,,,,15240,3683
38,Thu Jan 11 2024,7:30p,,Box Score,@,Milwaukee Bucks,L,,102,135,29,9,L 1,17781,2:12,,,3876,5130,1102,,,,13770,2958
39,Sat Jan 13 2024,7:00p,,Box Score,,Houston Rockets,W,,145,113,30,9,W 1,19156,2:06,,,5655,4407,1170,,,,16385,4350
40,Mon Jan 15 2024,7:30p,,Box Score,@,Toronto Raptors,W,,105,96,31,9,W 2,19278,2:06,,,4200,3840,1240,,,,10080,3255
41,Wed Jan 17 2024,7:30p,,Box Score,,San Antonio Spurs,W,,117,98,32,9,W 3,19156,2:00,,,4797,4018,1312,,,,11466,3744
42,Fri Jan 19 2024,7:30p,,Box Score,,Denver Nuggets,L,,100,102,32,10,L 1,19156,2:12,,,4200,4284,1344,,,,10200,3200
43,Sun Jan 21 2024,7:00p,,Box Score,@,Houston Rockets,W,,116,107,33,10,W 1,18055,2:09,,,4988,4601,1419,,,,12412,3828
44,Mon Jan 22 2024,8:30p,,Box Score,@,Dallas Mavericks,W,,119,110,34,10,W 2,20277,2:07,,,5236,4840,1496,,,,13090,4046
45,Thu Jan 25 2024,7:30p,,Box Score,@,Miami Heat,W,,143,110,35,10,W 3,20074,2:02,,,6435,4950,1575,,,,15730,5005
46,Sat Jan 27 2024,7:00p,,Box Score,,Los Angeles Clippers,L,,96,115,35,11,L 1,19156,2:03,,,4416,5290,1610,,,,11040,3360
47,Mon Jan 29 2024,7:30p,,Box Score,,New Orleans Pelicans,W,,118,112,36,11,W 1,19156,2:08,,,5546,5264,1692,,,,13216,4248
48,Tue Jan 30 2024,7:30p,,Box Score,,Indiana Pacers,W,,129,124,37,11,W 2,19156,2:25,,,6192,5952,1776,,,,15996,4773
49,Thu Feb 1 2024,7:30p,,Box Score,,Los Angeles Lakers,L,,105,114,37,12,L 1,19156,2:13,,,5145,5586,1813,,,,11970,3885
50,Sun Feb 4 2024,6:00p,,Box Score,,Memphis Grizzlies,W,,131,91,38,12,W 1,19156,1:57,,,6550,4550,1900,,,,11921,4978
51,Wed Feb 7 2024,7:30p,,Box Score,,Atlanta Hawks,W,,125,117,39,12,W 2,19156,1:58,,,6375,5967,1989,,,,14625,4875
52,Fri Feb 9 2024,7:30p,,Box Score,,Washington Wizards,W,,133,129,40,12,W 3,19156,2:14,,,6916,6708,2080,,,,17157,5320
53,Sun Feb 11 2024,2:00p,,Box Score,@,Miami Heat,W,,110,106,41,12,W 4,20049,2:21,,,5830,5618,2173,,,,11660,4510
54,Tue Feb 13 2024,7:30p,,Box Score,@,Brooklyn Nets,W,,118,110,42,12,W 5,18053,2:14,,,6372,5940,2268,,,,12980,4956
55,Wed Feb 14 2024,7:30p,,Box Score,,Brooklyn Nets,W,,136,86,43,12,W 6,19156,1:54,,,7480,4730,2365,,,,11696,5848
56,Thu Feb 22 2024,8:00p,,Box Score,@,Chicago Bulls,W,,129,112,44,12,W 7,20313,2:03,,,7224,6272,2464,,,,14448,5676
57,Sat Feb 24 2024,8:30p,,Box Score,@,New York Knicks,W,,116,102,45,12,W 8,19812,2:07,,,6612,5814,2565,,,,11832,5220
58,Tue Feb 27 2024,7:30p,,Box Score,,Philadelphia 76ers,W,,117,99,46,12,W 9,19156,2:16,,,6786,5742,2668,,,,11583,5382
59,Fri Mar 1 2024,7:30p,,Box Score,,Dallas Mavericks,W,,138,110,47,12,W 10,19156,2:08,,,8142,6490,2773,,,,15180,6486
60,Sun Mar 3 2024,3:30p,,Box Score,,Golden State Warriors,W,,140,88,48,12,W 11,19156,2:07,,,8400,5280,2880,,,,12320,6720
61,Tue Mar 5 2024,7:30p,,Box Score,@,Cleveland Cavaliers,L,,104,105,48,13,L 1,19432,2:11,,,6344,6405,2928,,,,10920,4992
62,Thu Mar 7 2024,10:00p,,Box Score,@,Denver Nuggets,L,,109,115,48,14,L 2,19855,2:24,,,6758,7130,2976,,,,12535,5232
63,Sat Mar 9 2024,8:30p,,Box Score,@,Phoenix Suns,W,,117,107,49,14,W 1,17071,2:12,,,7371,6741,3087,,,,12519,5733
64,Mon Mar 11 2024,10:30p,,Box Score,@,Portland Trail Blazers,W,,121,99,50,14,W 2,18480,1:53,,,7744,6336,3200,,,,11979,6050
65,Tue Mar 12 2024,9:00p,,Box Score,@,Utah Jazz,W,,123,107,51,14,W 3,18206,2:00,,,7995,6955,3315,,,,13161,6273
66,Thu Mar 14 2024,7:30p,,Box Score,,Phoenix Suns,W,,127,112,52,14,W 4,19156,2:02,,,8382,7392,3432,,,,14224,6604
67,Sun Mar 17 2024,6:00p,,Box Score,@,Washington Wizards,W,,130,104,53,14,W 5,20333,2:12,,,8710,6968,3551,,,,13520,6890
68,Mon Mar 18 2024,7:30p,,Box Score,,Detroit Pistons,W,,119,94,54,14,W 6,19156,1:53,,,8092,6392,3672,,,,11186,6426
69,Wed Mar 20 2024,7:30p,,Box Score,,Milwaukee Bucks,W,,122,119,55,14,W 7,19156,2:24,,,8418,8211,3795,,,,14518,6710
70,Fri Mar 22 2024,7:00p,,Box Score,@,Detroit Pistons,W,,129,102,56,14,W 8,19994,1:59,,,9030,7140,3920,,,,13158,7224
71,Sat Mar 23 2024,8:00p,,Box Score,@,Chicago Bulls,W,,124,113,57,14,W 9,21198,2:00,,,8804,8023,4047,,,,14012,7068
72,Mon Mar 25 2024,7:30p,,Box Score,@,Atlanta Hawks,L,,118,120,57,15,L 1,17405,2:11,,,8496,8640,4104,,,,14160,6726
73,Thu Mar 28 2024,7:30p,,Box Score,@,Atlanta Hawks,L,OT,122,123,57,16,L 2,17743,2:24,,,8906,8979,4161,,,,15006,6954
74,Sat Mar 30 2024,5:00p,,Box Score,@,New Orleans Pelicans,W,,104,92,58,16,W 1,17932,2:01,,,7696,6808,4292,,,,9568,6032
75,Mon Apr 1 2024,7:00p,,Box Score,@,Charlotte Hornets,W,,118,104,59,16,W 2,19238,1:54,,,8850,7800,4425,,,,12272,6962
76,Wed Apr 3 2024,7:30p,,Box Score,,Oklahoma City Thunder,W,,135,100,60,16,W 3,19156,2:14,,,10260,7600,4560,,,,13500,8100
77,Fri Apr 5 2024,7:30p,,Box Score,,Sacramento Kings,W,,101,100,61,16,W 4,19156,2:03,,,7777,7700,4697,,,,10100,6161
78,Sun Apr 7 2024,6:00p,,Box Score,,Portland Trail Blazers,W,,124,107,62,16,W 5,19156,1:51,,,9672,8346,4836,,,,13268,7688
79,Tue Apr 9 2024,7:30p,,Box Score,@,Milwaukee Bucks,L,,91,104,62,17,L 1,17493,1:57,,,7189,8216,4898,,,,9464,5642
80,Thu Apr 11 2024,7:30p,,Box Score,,New York Knicks,L,,109,118,62,18,L 2,19156,2:04,,,8720,9440,4960,,,,12862,6758
81,Fri Apr 12 2024,7:30p,,Box Score,,Charlotte Hornets,W,,131,98,63,18,W 1,19156,1:56,,,10611,7938,5103,,,,12838,8253
82,Sun Apr 14 2024,1:00p,,Box Score,,Washington Wizards,W,,132,122,64,18,W 2,19156,2:01,,,10824,10004,5248,,,,16104,8448
