G,Date,Start (ET),Unnamed: 3,Unnamed: 4,Unnamed: 5,Opponent,Unnamed: 7,Unnamed: 8,Tm,Opp,W,L,Streak,Attend.,LOG,Notes,G_x_Unnamed: 3,G_x_Tm,G_x_Opp,G_x_W,Unnamed: 3_x_Tm,Unnamed: 3_x_Opp,Unnamed: 3_x_W,Tm_x_Opp,Tm_x_W
1,Wed Oct 19 2022,7:30p,,Box Score,@,Brooklyn Nets,W,,130,108,1,0,W 1,18003,2:14,,,130,108,1,,,,14040,130
2,Fri Oct 21 2022,7:00p,,Box Score,@,Charlotte Hornets,W,,124,112,2,0,W 2,19287,2:15,,,248,224,4,,,,13888,248
3,Sun Oct 23 2022,7:00p,,Box Score,,Utah Jazz,L,OT,121,122,2,1,L 1,18665,2:31,,,363,366,6,,,,14762,242
4,Tue Oct 25 2022,7:30p,,Box Score,,Dallas Mavericks,W,,113,111,3,1,W 1,14020,2:17,,,452,444,12,,,,12543,339
5,Fri Oct 28 2022,10:00p,,Box Score,@,Phoenix Suns,L,,111,124,3,2,L 1,17071,2:13,,,555,620,15,,,,13764,333
6,Sun Oct 30 2022,3:00p,,Box Score,@,Los Angeles Clippers,W,,112,91,4,2,W 1,18142,1:59,,,672,546,24,,,,10192,448
7,Wed Nov 2 2022,10:30p,,Box Score,@,Los Angeles Lakers,L,OT,117,120,4,3,L 1,18997,2:20,,,819,840,28,,,,14040,468
8,Fri Nov 4 2022,8:30p,,Box Score,,Golden State Warriors,W,,114,105,5,3,W 1,18451,2:15,,,912,840,40,,,,11970,570
9,Sat Nov 5 2022,7:30p,,Box Score,@,Atlanta Hawks,L,OT,121,124,5,4,L 1,17654,2:32,,,1089,1116,45,,,,15004,605
10,Mon Nov 7 2022,7:45p,,Box Score,@,Indiana Pacers,L,,122,129,5,5,L 2,14052,2:12,,,1220,1290,50,,,,15738,610
11,Wed Nov 9 2022,8:00p,,Box Score,@,Chicago Bulls,W,,115,111,6,5,W 1,19621,2:19,,,1265,1221,66,,,,12765,690
12,Thu Nov 10 2022,8:00p,,Box Score,,Portland Trail Blazers,L,,95,106,6,6,L 1,14289,2:10,,,1140,1272,72,,,,10070,570
13,Sat Nov 12 2022,8:30p,,Box Score,,Houston Rockets,W,,119,106,7,6,W 1,15367,2:14,,,1547,1378,91,,,,12614,833
14,Tue Nov 15 2022,7:30p,,Box Score,,Memphis Grizzlies,W,,113,102,8,6,W 2,14032,2:13,,,1582,1428,112,,,,11526,904
15,Wed Nov 16 2022,8:00p,,Box Score,,Chicago Bulls,W,,124,110,9,6,W 3,14658,2:12,,,1860,1650,135,,,,13640,1116
16,Fri Nov 18 2022,8:30p,,Box Score,,Boston Celtics,L,,109,117,9,7,L 1,17828,2:01,,,1744,1872,144,,,,12753,981
17,Mon Nov 21 2022,8:00p,,Box Score,,Golden State Warriors,W,,128,83,10,7,W 1,18589,2:05,,,2176,1411,170,,,,10624,1280
18,Wed Nov 23 2022,8:00p,,Box Score,@,San Antonio Spurs,W,,129,110,11,7,W 2,14947,2:11,,,2322,1980,198,,,,14190,1419
19,Fri Nov 25 2022,8:00p,,Box Score,@,Memphis Grizzlies,L,,111,132,11,8,L 1,17794,2:13,,,2109,2508,209,,,,14652,1221
20,Mon Nov 28 2022,8:00p,,Box Score,,Oklahoma City Thunder,W,,105,101,12,8,W 1,13109,2:20,,,2100,2020,240,,,,10605,1260
21,Wed Nov 30 2022,8:00p,,Box Score,,Toronto Raptors,W,,126,108,13,8,W 2,14845,2:09,,,2646,2268,273,,,,13608,1638
22,Fri Dec 2 2022,8:00p,,Box Score,@,San Antonio Spurs,W,,117,99,14,8,W 3,17202,2:05,,,2574,2178,308,,,,11583,1638
23,Sun Dec 4 2022,3:30p,,Box Score,,Denver Nuggets,W,,121,106,15,8,W 4,15658,2:19,,,2783,2438,345,,,,12826,1815
24,Wed Dec 7 2022,8:00p,,Box Score,,Detroit Pistons,W,,104,98,16,8,W 5,14073,2:14,,,2496,2352,384,,,,10192,1664
25,Fri Dec 9 2022,8:30p,,Box Score,,Phoenix Suns,W,,128,117,17,8,W 6,16381,2:11,,,3200,2925,425,,,,14976,2176
26,Sun Dec 11 2022,3:30p,,Box Score,,Phoenix Suns,W,OT,129,124,18,8,W 7,18681,2:36,,,3354,3224,468,,,,15996,2322
27,Tue Dec 13 2022,9:00p,,Box Score,@,Utah Jazz,L,,100,121,18,9,L 1,18206,2:14,,,2700,3267,486,,,,12100,1800
28,Thu Dec 15 2022,9:00p,,Box Score,@,Utah Jazz,L,OT,129,132,18,10,L 2,18206,2:48,,,3612,3696,504,,,,17028,2322
29,Sat Dec 17 2022,9:00p,,Box Score,@,Phoenix Suns,L,,114,118,18,11,L 3,17071,2:19,,,3306,3422,522,,,,13452,2052
30,Mon Dec 19 2022,8:00p,,Box Score,,Milwaukee Bucks,L,,119,128,18,12,L 4,18271,2:21,,,3570,3840,540,,,,15232,2142
31,Thu Dec 22 2022,8:00p,,Box Score,,San Antonio Spurs,W,,126,117,19,12,W 1,16417,2:13,,,3906,3627,589,,,,14742,2394
32,Fri Dec 23 2022,8:00p,,Box Score,@,Oklahoma City Thunder,W,OT,128,125,20,12,W 2,15214,2:32,,,4096,4000,640,,,,16000,2560
33,Mon Dec 26 2022,8:00p,,Box Score,,Indiana Pacers,W,,113,93,21,12,W 3,18636,2:10,,,3729,3069,693,,,,10509,2373
34,Wed Dec 28 2022,8:00p,,Box Score,,Minnesota Timberwolves,W,,119,118,22,12,W 4,18669,2:35,,,4046,4012,748,,,,14042,2618
35,Fri Dec 30 2022,8:30p,,Box Score,,Philadelphia 76ers,W,,127,116,23,12,W 5,18656,2:18,,,4445,4060,805,,,,14732,2921
36,Sat Dec 31 2022,8:00p,,Box Score,@,Memphis Grizzlies,L,,101,116,23,13,L 1,17951,2:37,,,3636,4176,828,,,,11716,2323
37,Mon Jan 2 2023,7:00p,,Box Score,@,Philadelphia 76ers,L,,111,120,23,14,L 2,20531,2:09,,,4107,4440,851,,,,13320,2553
38,Wed Jan 4 2023,8:00p,,Box Score,,Houston Rockets,W,,119,108,24,14,W 1,17295,2:09,,,4522,4104,912,,,,12852,2856
39,Fri Jan 6 2023,7:30p,,Box Score,,Brooklyn Nets,L,,102,108,24,15,L 1,18636,2:22,,,3978,4212,936,,,,11016,2448
40,Sat Jan 7 2023,8:00p,,Box Score,@,Dallas Mavericks,L,,117,127,24,16,L 2,20300,2:16,,,4680,5080,960,,,,14859,2808
41,Mon Jan 9 2023,7:00p,,Box Score,@,Washington Wizards,W,,132,112,25,16,W 1,16223,2:18,,,5412,4592,1025,,,,14784,3300
42,Wed Jan 11 2023,7:30p,,Box Score,@,Boston Celtics,L,,114,125,25,17,L 1,19156,2:00,,,4788,5250,1050,,,,14250,2850
43,Fri Jan 13 2023,7:00p,,Box Score,@,Detroit Pistons,W,,116,110,26,17,W 1,18989,2:16,,,4988,4730,1118,,,,12760,3016
44,Mon Jan 16 2023,3:00p,,Box Score,@,Cleveland Cavaliers,L,,103,113,26,18,L 1,19432,2:15,,,4532,4972,1144,,,,11639,2678
45,Wed Jan 18 2023,8:00p,,Box Score,,Miami Heat,L,,98,124,26,19,L 2,17736,2:05,,,4410,5580,1170,,,,12152,2548
46,Fri Jan 20 2023,7:00p,,Box Score,@,Orlando Magic,L,,110,123,26,20,L 3,19025,2:15,,,5060,5658,1196,,,,13530,2860
47,Sun Jan 22 2023,3:30p,,Box Score,@,Miami Heat,L,,96,100,26,21,L 4,19600,2:17,,,4512,4700,1222,,,,9600,2496
48,Tue Jan 24 2023,8:00p,,Box Score,,Denver Nuggets,L,,98,99,26,22,L 5,14699,2:04,,,4704,4752,1248,,,,9702,2548
49,Wed Jan 25 2023,8:00p,,Box Score,,Minnesota Timberwolves,L,,102,111,26,23,L 6,14887,2:16,,,4998,5439,1274,,,,11322,2652
50,Sat Jan 28 2023,8:00p,,Box Score,,Washington Wizards,L,,103,113,26,24,L 7,17692,2:23,,,5150,5650,1300,,,,11639,2678
51,Sun Jan 29 2023,8:00p,,Box Score,@,Milwaukee Bucks,L,,110,135,26,25,L 8,17341,2:06,,,5610,6885,1326,,,,14850,2860
52,Tue Jan 31 2023,10:00p,,Box Score,@,Denver Nuggets,L,,113,122,26,26,L 9,18868,2:23,,,5876,6344,1352,,,,13786,2938
53,Thu Feb 2 2023,8:30p,,Box Score,@,Dallas Mavericks,L,,106,111,26,27,L 10,19670,2:20,,,5618,5883,1378,,,,11766,2756
54,Sat Feb 4 2023,6:00p,,Box Score,,Los Angeles Lakers,W,,131,126,27,27,W 1,18886,2:19,,,7074,6804,1458,,,,16506,3537
55,Sun Feb 5 2023,7:00p,,Box Score,,Sacramento Kings,W,,136,104,28,27,W 2,17779,2:12,,,7480,5720,1540,,,,14144,3808
56,Tue Feb 7 2023,7:30p,,Box Score,,Atlanta Hawks,W,,116,107,29,27,W 3,16669,2:13,,,6496,5992,1624,,,,12412,3364
57,Fri Feb 10 2023,10:00p,,Box Score,,Cleveland Cavaliers,L,,107,118,29,28,L 1,16398,2:20,,,6099,6726,1653,,,,12626,3103
58,Mon Feb 13 2023,8:00p,,Box Score,@,Oklahoma City Thunder,W,,103,100,30,28,W 1,14920,2:11,,,5974,5800,1740,,,,10300,3090
59,Wed Feb 15 2023,10:00p,,Box Score,@,Los Angeles Lakers,L,,102,120,30,29,L 1,18997,2:24,,,6018,7080,1770,,,,12240,3060
60,Thu Feb 23 2023,7:30p,,Box Score,@,Toronto Raptors,L,,110,115,30,30,L 2,19800,2:09,,,6600,6900,1800,,,,12650,3300
61,Sat Feb 25 2023,7:30p,,Box Score,@,New York Knicks,L,,106,128,30,31,L 3,19812,2:21,,,6466,7808,1830,,,,13568,3180
62,Mon Feb 27 2023,8:00p,,Box Score,,Orlando Magic,L,,93,101,30,32,L 4,16038,2:20,,,5766,6262,1860,,,,9393,2790
63,Wed Mar 1 2023,10:00p,,Box Score,@,Portland Trail Blazers,W,,121,110,31,32,W 1,18566,2:13,,,7623,6930,1953,,,,13310,3751
64,Fri Mar 3 2023,10:00p,,Box Score,@,Golden State Warriors,L,,99,108,31,33,L 1,18064,2:19,,,6336,6912,1984,,,,10692,3069
65,Mon Mar 6 2023,10:00p,,Box Score,@,Sacramento Kings,L,,108,123,31,34,L 2,17708,2:05,,,7020,7995,2015,,,,13284,3348
66,Wed Mar 8 2023,7:30p,,Box Score,,Dallas Mavericks,W,,113,106,32,34,W 1,17473,2:13,,,7458,6996,2112,,,,11978,3616
67,Sat Mar 11 2023,8:30p,,Box Score,,Oklahoma City Thunder,L,,96,110,32,35,L 1,17606,2:14,,,6432,7370,2144,,,,10560,3072
68,Sun Mar 12 2023,7:00p,,Box Score,,Portland Trail Blazers,W,,127,110,33,35,W 1,16676,2:12,,,8636,7480,2244,,,,13970,4191
69,Tue Mar 14 2023,8:00p,,Box Score,,Los Angeles Lakers,L,,108,123,33,36,L 1,18625,2:11,,,7452,8487,2277,,,,13284,3564
70,Fri Mar 17 2023,8:00p,,Box Score,@,Houston Rockets,L,,112,114,33,37,L 2,15841,2:16,,,7840,7980,2310,,,,12768,3696
71,Sun Mar 19 2023,7:00p,,Box Score,@,Houston Rockets,W,,117,107,34,37,W 1,14209,2:19,,,8307,7597,2414,,,,12519,3978
72,Tue Mar 21 2023,8:00p,,Box Score,,San Antonio Spurs,W,,119,84,35,37,W 2,15466,2:08,,,8568,6048,2520,,,,9996,4165
73,Thu Mar 23 2023,8:00p,,Box Score,,Charlotte Hornets,W,,115,96,36,37,W 3,15749,2:00,,,8395,7008,2628,,,,11040,4140
74,Sat Mar 25 2023,10:30p,,Box Score,@,Los Angeles Clippers,W,,131,110,37,37,W 4,17702,2:06,,,9694,8140,2738,,,,14410,4847
75,Mon Mar 27 2023,10:00p,,Box Score,@,Portland Trail Blazers,W,,124,90,38,37,W 5,17943,2:00,,,9300,6750,2850,,,,11160,4712
76,Tue Mar 28 2023,10:00p,,Box Score,@,Golden State Warriors,L,,109,120,38,38,L 1,18064,2:36,,,8284,9120,2888,,,,13080,4142
77,Thu Mar 30 2023,10:00p,,Box Score,@,Denver Nuggets,W,,107,88,39,38,W 1,19728,2:30,,,8239,6776,3003,,,,9416,4173
78,Sat Apr 1 2023,8:30p,,Box Score,,Los Angeles Clippers,W,,122,114,40,38,W 2,18399,2:13,,,9516,8892,3120,,,,13908,4880
79,Tue Apr 4 2023,8:00p,,Box Score,,Sacramento Kings,L,,103,121,40,39,L 1,15799,2:05,,,8137,9559,3160,,,,12463,4120
80,Wed Apr 5 2023,8:00p,,Box Score,,Memphis Grizzlies,W,OT,138,131,41,39,W 1,17232,2:38,,,11040,10480,3280,,,,18078,5658
81,Fri Apr 7 2023,8:00p,,Box Score,,New York Knicks,W,,113,105,42,39,W 2,18656,2:08,,,9153,8505,3402,,,,11865,4746
82,Sun Apr 9 2023,3:30p,,Box Score,@,Minnesota Timberwolves,L,,108,113,42,40,L 1,18978,2:28,,,8856,9266,3444,,,,12204,4536
83,Wed Apr 12 2023,9:30p,,Box Score,,Oklahoma City Thunder,L,,118,123,42,41,L 2,18715,2:33,Play-In Game,,9794,10209,3486,,,,14514,4956
