G,Date,Start (ET),Unnamed: 3,Unnamed: 4,Unnamed: 5,Opponent,Unnamed: 7,Unnamed: 8,Tm,Opp,W,L,Streak,Attend.,LOG,Notes,G_x_Unnamed: 3,G_x_Tm,G_x_Opp,G_x_W,Unnamed: 3_x_Tm,Unnamed: 3_x_Opp,Unnamed: 3_x_W,Tm_x_Opp,Tm_x_W
1,Wed Oct 19 2022,7:30p,,Box Score,,Chicago Bulls,L,,108,116,0,1,L 1,19600,2:20,,,108,116,0,,,,12528,0
2,Fri Oct 21 2022,7:30p,,Box Score,,Boston Celtics,L,,104,111,0,2,L 2,19600,2:10,,,208,222,0,,,,11544,0
3,Sat Oct 22 2022,8:00p,,Box Score,,Toronto Raptors,W,,112,109,1,2,W 1,19600,2:29,,,336,327,3,,,,12208,112
4,Mon Oct 24 2022,7:30p,,Box Score,,Toronto Raptors,L,,90,98,1,3,L 1,19600,2:13,,,360,392,4,,,,8820,90
5,Wed Oct 26 2022,10:00p,,Box Score,@,Portland Trail Blazers,W,,119,98,2,3,W 1,18588,2:03,,,595,490,10,,,,11662,238
6,Thu Oct 27 2022,10:00p,,Box Score,@,Golden State Warriors,L,,110,123,2,4,L 1,18064,2:04,,,660,738,12,,,,13530,220
7,Sat Oct 29 2022,6:00p,,Box Score,@,Sacramento Kings,L,,113,119,2,5,L 2,14618,2:31,,,791,833,14,,,,13447,226
8,Tue Nov 1 2022,7:30p,,Box Score,,Golden State Warriors,W,,116,109,3,5,W 1,19600,2:22,,,928,872,24,,,,12644,348
9,Wed Nov 2 2022,7:30p,,Box Score,,Sacramento Kings,W,,110,107,4,5,W 2,19600,2:13,,,990,963,36,,,,11770,440
10,Fri Nov 4 2022,7:00p,,Box Score,@,Indiana Pacers,L,,99,101,4,6,L 1,13141,2:22,,,990,1010,40,,,,9999,396
11,Mon Nov 7 2022,8:30p,,Box Score,,Portland Trail Blazers,L,,107,110,4,7,L 2,19600,2:11,,,1177,1210,44,,,,11770,428
12,Thu Nov 10 2022,7:30p,,Box Score,,Charlotte Hornets,W,OT,117,112,5,7,W 1,19600,2:39,,,1404,1344,60,,,,13104,585
13,Sat Nov 12 2022,8:00p,,Box Score,,Charlotte Hornets,W,,132,115,6,7,W 2,19600,2:09,,,1716,1495,78,,,,15180,792
14,Mon Nov 14 2022,7:30p,,Box Score,,Phoenix Suns,W,,113,112,7,7,W 3,19600,2:09,,,1582,1568,98,,,,12656,791
15,Wed Nov 16 2022,7:30p,,Box Score,@,Toronto Raptors,L,,104,112,7,8,L 1,19800,2:16,,,1560,1680,105,,,,11648,728
16,Fri Nov 18 2022,7:00p,,Box Score,@,Washington Wizards,L,OT,106,107,7,9,L 2,18772,2:31,,,1696,1712,112,,,,11342,742
17,Sun Nov 20 2022,7:00p,,Box Score,@,Cleveland Cavaliers,L,,87,113,7,10,L 3,19432,2:06,,,1479,1921,119,,,,9831,609
18,Mon Nov 21 2022,8:00p,,Box Score,@,Minnesota Timberwolves,L,,101,105,7,11,L 4,16583,2:21,,,1818,1890,126,,,,10605,707
19,Wed Nov 23 2022,7:30p,,Box Score,,Washington Wizards,W,,113,105,8,11,W 1,19600,2:15,,,2147,1995,152,,,,11865,904
20,Fri Nov 25 2022,8:00p,,Box Score,,Washington Wizards,W,,110,107,9,11,W 2,19600,2:19,,,2200,2140,180,,,,11770,990
21,Sun Nov 27 2022,5:00p,,Box Score,@,Atlanta Hawks,W,,106,98,10,11,W 3,17268,2:06,,,2226,2058,210,,,,10388,1060
22,Wed Nov 30 2022,7:30p,,Box Score,@,Boston Celtics,L,,121,134,10,12,L 1,19156,2:01,,,2662,2948,220,,,,16214,1210
23,Fri Dec 2 2022,7:30p,,Box Score,@,Boston Celtics,W,OT,120,116,11,12,W 1,19156,2:33,,,2760,2668,253,,,,13920,1320
24,Mon Dec 5 2022,8:00p,,Box Score,@,Memphis Grizzlies,L,,93,101,11,13,L 1,16122,2:07,,,2232,2424,264,,,,9393,1023
25,Tue Dec 6 2022,7:30p,,Box Score,,Detroit Pistons,L,,96,116,11,14,L 2,19600,2:09,,,2400,2900,275,,,,11136,1056
26,Thu Dec 8 2022,7:30p,,Box Score,,Los Angeles Clippers,W,,115,110,12,14,W 1,19600,2:09,,,2990,2860,312,,,,12650,1380
27,Sat Dec 10 2022,5:00p,,Box Score,,San Antonio Spurs,L,,111,115,12,15,L 1,19600,2:20,,,2997,3105,324,,,,12765,1332
28,Mon Dec 12 2022,7:00p,,Box Score,@,Indiana Pacers,W,,87,82,13,15,W 1,15309,2:11,,,2436,2296,364,,,,7134,1131
29,Wed Dec 14 2022,8:00p,,Box Score,@,Oklahoma City Thunder,W,,110,108,14,15,W 2,14783,2:09,,,3190,3132,406,,,,11880,1540
30,Thu Dec 15 2022,8:00p,,Box Score,@,Houston Rockets,W,,111,108,15,15,W 3,16210,2:14,,,3330,3240,450,,,,11988,1665
31,Sat Dec 17 2022,5:00p,,Box Score,@,San Antonio Spurs,W,,111,101,16,15,W 4,20160,2:33,,,3441,3131,496,,,,11211,1776
32,Tue Dec 20 2022,7:30p,,Box Score,,Chicago Bulls,L,,103,113,16,16,L 1,19969,2:04,,,3296,3616,512,,,,11639,1648
33,Fri Dec 23 2022,8:00p,,Box Score,,Indiana Pacers,L,,108,111,16,17,L 2,19600,2:13,,,3564,3663,528,,,,11988,1728
34,Mon Dec 26 2022,7:30p,,Box Score,,Minnesota Timberwolves,W,,113,110,17,17,W 1,19911,2:11,,,3842,3740,578,,,,12430,1921
35,Wed Dec 28 2022,7:30p,,Box Score,,Los Angeles Lakers,W,,112,98,18,17,W 2,20221,2:07,,,3920,3430,630,,,,10976,2016
36,Fri Dec 30 2022,9:00p,,Box Score,@,Denver Nuggets,L,,119,124,18,18,L 1,19638,2:16,,,4284,4464,648,,,,14756,2142
37,Sat Dec 31 2022,9:00p,,Box Score,@,Utah Jazz,W,,126,123,19,18,W 1,18206,2:26,,,4662,4551,703,,,,15498,2394
38,Mon Jan 2 2023,10:30p,,Box Score,@,Los Angeles Clippers,W,,110,100,20,18,W 2,19068,2:15,,,4180,3800,760,,,,11000,2200
39,Wed Jan 4 2023,10:00p,,Box Score,@,Los Angeles Lakers,L,,109,112,20,19,L 1,18997,2:27,,,4251,4368,780,,,,12208,2180
40,Fri Jan 6 2023,10:00p,,Box Score,@,Phoenix Suns,W,,104,96,21,19,W 1,17071,2:27,,,4160,3840,840,,,,9984,2184
41,Sun Jan 8 2023,6:00p,,Box Score,,Brooklyn Nets,L,,101,102,21,20,L 1,19901,2:13,,,4141,4182,861,,,,10302,2121
42,Tue Jan 10 2023,7:30p,,Box Score,,Oklahoma City Thunder,W,,112,111,22,20,W 1,19600,2:32,,,4704,4662,924,,,,12432,2464
43,Thu Jan 12 2023,7:30p,,Box Score,,Milwaukee Bucks,W,,108,102,23,20,W 2,19600,2:00,,,4644,4386,989,,,,11016,2484
44,Sat Jan 14 2023,1:00p,,Box Score,,Milwaukee Bucks,W,,111,95,24,20,W 3,19620,2:03,,,4884,4180,1056,,,,10545,2664
45,Mon Jan 16 2023,3:30p,,Box Score,@,Atlanta Hawks,L,,113,121,24,21,L 1,18007,2:23,,,5085,5445,1080,,,,13673,2712
46,Wed Jan 18 2023,8:00p,,Box Score,@,New Orleans Pelicans,W,,124,98,25,21,W 1,17736,2:05,,,5704,4508,1150,,,,12152,3100
47,Fri Jan 20 2023,7:30p,,Box Score,@,Dallas Mavericks,L,,90,115,25,22,L 1,20326,2:15,,,4230,5405,1175,,,,10350,2250
48,Sun Jan 22 2023,3:30p,,Box Score,,New Orleans Pelicans,W,,100,96,26,22,W 1,19600,2:17,,,4800,4608,1248,,,,9600,2600
49,Tue Jan 24 2023,7:30p,,Box Score,,Boston Celtics,W,,98,95,27,22,W 2,19705,2:21,,,4802,4655,1323,,,,9310,2646
50,Fri Jan 27 2023,8:00p,,Box Score,,Orlando Magic,W,,110,105,28,22,W 3,19788,2:19,,,5500,5250,1400,,,,11550,3080
51,Sun Jan 29 2023,1:00p,,Box Score,@,Charlotte Hornets,L,,117,122,28,23,L 1,19254,2:15,,,5967,6222,1428,,,,14274,3276
52,Tue Jan 31 2023,7:00p,,Box Score,@,Cleveland Cavaliers,W,,100,97,29,23,W 1,19432,2:12,,,5200,5044,1508,,,,9700,2900
53,Thu Feb 2 2023,7:30p,,Box Score,@,New York Knicks,L,,104,106,29,24,L 1,19044,2:20,,,5512,5618,1537,,,,11024,3016
54,Sat Feb 4 2023,8:00p,,Box Score,@,Milwaukee Bucks,L,,115,123,29,25,L 2,18008,2:08,,,6210,6642,1566,,,,14145,3335
55,Wed Feb 8 2023,7:30p,,Box Score,,Indiana Pacers,W,,116,111,30,25,W 1,19600,2:29,,,6380,6105,1650,,,,12876,3480
56,Fri Feb 10 2023,8:00p,,Box Score,,Houston Rockets,W,,97,95,31,25,W 2,19600,2:20,,,5432,5320,1736,,,,9215,3007
57,Sat Feb 11 2023,7:00p,,Box Score,@,Orlando Magic,W,OT,107,103,32,25,W 3,18223,2:42,,,6099,5871,1824,,,,11021,3424
58,Mon Feb 13 2023,7:30p,,Box Score,,Denver Nuggets,L,,108,112,32,26,L 1,19755,2:10,,,6264,6496,1856,,,,12096,3456
59,Wed Feb 15 2023,7:30p,,Box Score,@,Brooklyn Nets,L,,105,116,32,27,L 2,17963,2:07,,,6195,6844,1888,,,,12180,3360
60,Fri Feb 24 2023,7:30p,,Box Score,@,Milwaukee Bucks,L,,99,128,32,28,L 3,17676,2:10,,,5940,7680,1920,,,,12672,3168
61,Sat Feb 25 2023,7:00p,,Box Score,@,Charlotte Hornets,L,,103,108,32,29,L 4,19109,2:19,,,6283,6588,1952,,,,11124,3296
62,Mon Feb 27 2023,7:00p,,Box Score,@,Philadelphia 76ers,W,,101,99,33,29,W 1,20859,2:15,,,6262,6138,2046,,,,9999,3333
63,Wed Mar 1 2023,7:30p,,Box Score,,Philadelphia 76ers,L,,96,119,33,30,L 1,19600,2:09,,,6048,7497,2079,,,,11424,3168
64,Fri Mar 3 2023,8:00p,,Box Score,,New York Knicks,L,,120,122,33,31,L 2,19600,2:21,,,7680,7808,2112,,,,14640,3960
65,Sat Mar 4 2023,8:00p,,Box Score,,Atlanta Hawks,W,,117,109,34,31,W 1,19600,2:11,,,7605,7085,2210,,,,12753,3978
66,Mon Mar 6 2023,7:30p,,Box Score,,Atlanta Hawks,W,,130,128,35,31,W 2,19600,2:20,,,8580,8448,2310,,,,16640,4550
67,Wed Mar 8 2023,7:30p,,Box Score,,Cleveland Cavaliers,L,,100,104,35,32,L 1,19600,2:28,,,6700,6968,2345,,,,10400,3500
68,Fri Mar 10 2023,8:00p,,Box Score,,Cleveland Cavaliers,W,,119,115,36,32,W 1,19757,2:21,,,8092,7820,2448,,,,13685,4284
69,Sat Mar 11 2023,7:00p,,Box Score,@,Orlando Magic,L,OT,114,126,36,33,L 1,17347,2:30,,,7866,8694,2484,,,,14364,4104
70,Mon Mar 13 2023,7:30p,,Box Score,,Utah Jazz,W,,119,115,37,33,W 1,19721,2:14,,,8330,8050,2590,,,,13685,4403
71,Wed Mar 15 2023,7:30p,,Box Score,,Memphis Grizzlies,W,,138,119,38,33,W 2,19794,2:13,,,9798,8449,2698,,,,16422,5244
72,Sat Mar 18 2023,8:00p,,Box Score,@,Chicago Bulls,L,,99,113,38,34,L 1,20094,2:05,,,7128,8136,2736,,,,11187,3762
73,Sun Mar 19 2023,6:00p,,Box Score,@,Detroit Pistons,W,,112,100,39,34,W 1,20190,2:13,,,8176,7300,2847,,,,11200,4368
74,Wed Mar 22 2023,7:30p,,Box Score,,New York Knicks,W,,127,120,40,34,W 2,19863,2:17,,,9398,8880,2960,,,,15240,5080
75,Sat Mar 25 2023,8:00p,,Box Score,,Brooklyn Nets,L,,100,129,40,35,L 1,19680,2:13,,,7500,9675,3000,,,,12900,4000
76,Tue Mar 28 2023,7:30p,,Box Score,@,Toronto Raptors,L,,92,106,40,36,L 2,19800,2:05,,,6992,8056,3040,,,,9752,3680
77,Wed Mar 29 2023,7:30p,,Box Score,@,New York Knicks,L,,92,101,40,37,L 3,19812,2:09,,,7084,7777,3080,,,,9292,3680
78,Sat Apr 1 2023,7:30p,,Box Score,,Dallas Mavericks,W,,129,122,41,37,W 1,20011,2:18,,,10062,9516,3198,,,,15738,5289
79,Tue Apr 4 2023,7:00p,,Box Score,@,Detroit Pistons,W,,118,105,42,37,W 2,18453,2:16,,,9322,8295,3318,,,,12390,4956
80,Thu Apr 6 2023,7:30p,,Box Score,@,Philadelphia 76ers,W,,129,101,43,37,W 3,21178,2:08,,,10320,8080,3440,,,,13029,5547
81,Fri Apr 7 2023,7:00p,,Box Score,@,Washington Wizards,L,,108,114,43,38,L 1,20476,2:14,,,8748,9234,3483,,,,12312,4644
82,Sun Apr 9 2023,1:00p,,Box Score,,Orlando Magic,W,,123,110,44,38,W 1,19894,2:11,,,10086,9020,3608,,,,13530,5412
83,Tue Apr 11 2023,7:30p,,Box Score,,Atlanta Hawks,L,,105,116,44,39,L 1,19662,2:21,Play-In Game,,8715,9628,3652,,,,12180,4620
84,Fri Apr 14 2023,7:00p,,Box Score,,Chicago Bulls,W,,102,91,45,39,W 1,19678,2:28,Play-In Game,,8568,7644,3780,,,,9282,4590
